{
  "innerWidth": 390,
  "innerHeight": 844,
  "scrollWidth": 390,
  "boardRect": {
    "left": 16.5552978515625,
    "top": 341.74896240234375,
    "right": 373.4447021484375,
    "bottom": 691.774658203125,
    "width": 356.889404296875,
    "height": 350.02569580078125
  },
  "farmPageRect": {
    "left": 0,
    "top": 108,
    "right": 390,
    "bottom": 956,
    "width": 390,
    "height": 848
  },
  "lastRow": [
    {
      "left": 16.438791275024414,
      "top": 582.963134765625,
      "right": 132.09349250793457,
      "bottom": 698.4446411132812,
      "width": 115.65470123291016,
      "height": 115.48150634765625
    },
    {
      "left": 137.5320281982422,
      "top": 582.963134765625,
      "right": 252.4679718017578,
      "bottom": 698.4446411132812,
      "width": 114.93594360351562,
      "height": 115.48150634765625
    },
    {
      "left": 257.906494140625,
      "top": 582.963134765625,
      "right": 373.56121826171875,
      "bottom": 698.4446411132812,
      "width": 115.65472412109375,
      "height": 115.48150634765625
    }
  ]
}