{
  "innerWidth": 360,
  "innerHeight": 800,
  "scrollWidth": 360,
  "boardRect": {
    "left": 17.296749114990234,
    "top": 329.64013671875,
    "right": 342.70324325561523,
    "bottom": 649.0525512695312,
    "width": 325.406494140625,
    "height": 319.41241455078125
  },
  "farmPageRect": {
    "left": 0,
    "top": 108,
    "right": 360,
    "bottom": 912,
    "width": 360,
    "height": 804
  },
  "lastRow": [
    {
      "left": 17.190753936767578,
      "top": 550.87646484375,
      "right": 122.23418045043945,
      "bottom": 655.6932373046875,
      "width": 105.04342651367188,
      "height": 104.8167724609375
    },
    {
      "left": 127.77816772460938,
      "top": 550.87646484375,
      "right": 232.22183227539062,
      "bottom": 655.6932373046875,
      "width": 104.44366455078125,
      "height": 104.8167724609375
    },
    {
      "left": 237.76580810546875,
      "top": 550.87646484375,
      "right": 342.8092346191406,
      "bottom": 655.6932373046875,
      "width": 105.04342651367188,
      "height": 104.8167724609375
    }
  ]
}