{
  "innerWidth": 1440,
  "innerHeight": 900,
  "scrollWidth": 1440,
  "boardRect": {
    "left": 401.0755615234375,
    "top": 250.986083984375,
    "right": 1038.9244384765625,
    "bottom": 872.081787109375,
    "width": 637.848876953125,
    "height": 621.095703125
  },
  "farmPageRect": {
    "left": 16,
    "top": 112,
    "right": 1424,
    "bottom": 888,
    "width": 1408,
    "height": 776
  },
  "lastRow": [
    {
      "left": 400.8632507324219,
      "top": 670.7598876953125,
      "right": 608.2266235351562,
      "bottom": 879.0160522460938,
      "width": 207.36337280273438,
      "height": 208.25616455078125
    },
    {
      "left": 617.4577026367188,
      "top": 670.7598876953125,
      "right": 822.5422973632812,
      "bottom": 879.0160522460938,
      "width": 205.0845947265625,
      "height": 208.25616455078125
    },
    {
      "left": 831.7733764648438,
      "top": 670.7598876953125,
      "right": 1039.13671875,
      "bottom": 879.0160522460938,
      "width": 207.36334228515625,
      "height": 208.25616455078125
    }
  ]
}