{
  "metrics": {
    "innerWidth": 390,
    "innerHeight": 844,
    "scrollWidth": 390,
    "scrollHeight": 856,
    "sceneRect": {
      "x": 0,
      "y": 112,
      "width": 390,
      "height": 732,
      "top": 112,
      "right": 390,
      "bottom": 844,
      "left": 0
    },
    "boardRect": {
      "x": 16.5552978515625,
      "y": 455.48333740234375,
      "width": 356.889404296875,
      "height": 350.02569580078125,
      "top": 455.48333740234375,
      "right": 373.4447021484375,
      "bottom": 805.509033203125,
      "left": 16.5552978515625
    },
    "weatherBadgeRect": {
      "x": 167.453125,
      "y": 162,
      "width": 55.078125,
      "height": 26.5,
      "top": 162,
      "right": 222.53125,
      "bottom": 188.5,
      "left": 167.453125
    },
    "fenceRect": null,
    "cottageRect": {
      "x": 78,
      "y": 339.875,
      "width": 58,
      "height": 54,
      "top": 339.875,
      "right": 136,
      "bottom": 393.875,
      "left": 78
    },
    "firstRow": [
      {
        "x": 20.747787475585938,
        "y": 455.48333740234375,
        "width": 112.84700012207031,
        "height": 110.0052490234375,
        "top": 455.48333740234375,
        "right": 133.59478759765625,
        "bottom": 565.4885864257812,
        "left": 20.747787475585938
      },
      {
        "x": 138.9188232421875,
        "y": 455.48333740234375,
        "width": 112.162353515625,
        "height": 110.0052490234375,
        "top": 455.48333740234375,
        "right": 251.0811767578125,
        "bottom": 565.4885864257812,
        "left": 138.9188232421875
      },
      {
        "x": 256.40521240234375,
        "y": 455.48333740234375,
        "width": 112.84701538085938,
        "height": 110.0052490234375,
        "top": 455.48333740234375,
        "right": 369.2522277832031,
        "bottom": 565.4885864257812,
        "left": 256.40521240234375
      }
    ],
    "lastRow": [
      {
        "x": 16.438791275024414,
        "y": 696.697509765625,
        "width": 115.65470123291016,
        "height": 115.48150634765625,
        "top": 696.697509765625,
        "right": 132.09349250793457,
        "bottom": 812.1790161132812,
        "left": 16.438791275024414
      },
      {
        "x": 137.5320281982422,
        "y": 696.697509765625,
        "width": 114.93594360351562,
        "height": 115.48150634765625,
        "top": 696.697509765625,
        "right": 252.4679718017578,
        "bottom": 812.1790161132812,
        "left": 137.5320281982422
      },
      {
        "x": 257.906494140625,
        "y": 696.697509765625,
        "width": 115.65472412109375,
        "height": 115.48150634765625,
        "top": 696.697509765625,
        "right": 373.56121826171875,
        "bottom": 812.1790161132812,
        "left": 257.906494140625
      }
    ],
    "badgeToFenceGap": null,
    "fenceToBoardGap": null,
    "sceneScrollBottomGap": 0
  },
  "clicks": {
    "emptyModalVisible": true,
    "growingCardVisible": true,
    "matureBecameEmpty": true
  }
}