{
  "innerWidth": 360,
  "innerHeight": 800,
  "scrollWidth": 360,
  "boardRect": {
    "left": 1.5552978515625,
    "top": 265.87396240234375,
    "right": 358.4447021484375,
    "bottom": 615.899658203125,
    "width": 356.889404296875,
    "height": 350.02569580078125
  },
  "farmPageRect": {
    "left": 0,
    "top": 108,
    "right": 360,
    "bottom": 668,
    "width": 360,
    "height": 560
  },
  "lastRow": [
    {
      "left": 1.4387917518615723,
      "top": 507.0881042480469,
      "right": 117.09349298477173,
      "bottom": 622.5696411132812,
      "width": 115.65470123291016,
      "height": 115.48153686523438
    },
    {
      "left": 122.53202819824219,
      "top": 507.0881042480469,
      "right": 237.4679718017578,
      "bottom": 622.5696411132812,
      "width": 114.93594360351562,
      "height": 115.48153686523438
    },
    {
      "left": 242.90650939941406,
      "top": 507.0881042480469,
      "right": 358.56121826171875,
      "bottom": 622.5696411132812,
      "width": 115.65470886230469,
      "height": 115.48153686523438
    }
  ]
}