{
  "innerWidth": 390,
  "innerHeight": 844,
  "scrollWidth": 390,
  "boardRect": {
    "left": 0.7443652153015137,
    "top": 274.4806823730469,
    "right": 389.25565671920776,
    "bottom": 655.2052001953125,
    "width": 388.51129150390625,
    "height": 380.7245178222656
  },
  "farmPageRect": {
    "left": 0,
    "top": 108,
    "right": 390,
    "bottom": 668,
    "width": 390,
    "height": 560
  },
  "lastRow": [
    {
      "left": 0.6172561645507812,
      "top": 535.686767578125,
      "right": 126.94075775146484,
      "bottom": 661.9046630859375,
      "width": 126.32350158691406,
      "height": 126.2178955078125
    },
    {
      "left": 132.26271057128906,
      "top": 535.686767578125,
      "right": 257.7373046875,
      "bottom": 661.9046630859375,
      "width": 125.47459411621094,
      "height": 126.2178955078125
    },
    {
      "left": 263.0592346191406,
      "top": 535.686767578125,
      "right": 389.38275146484375,
      "bottom": 661.9046630859375,
      "width": 126.32351684570312,
      "height": 126.2178955078125
    }
  ]
}