{
  "innerWidth": 360,
  "innerHeight": 800,
  "scrollWidth": 360,
  "boardRect": {
    "left": 2.3042445182800293,
    "top": 205.7401580810547,
    "right": 357.6957850456238,
    "bottom": 554.7566986083984,
    "width": 355.39154052734375,
    "height": 349.01654052734375
  },
  "farmPageRect": {
    "left": 0,
    "top": 0,
    "right": 360,
    "bottom": 800,
    "width": 360,
    "height": 800
  },
  "sceneRect": {
    "left": 2.3042445182800293,
    "top": 205.7401580810547,
    "right": 357.6957850456238,
    "bottom": 554.7566986083984,
    "width": 355.39154052734375,
    "height": 349.01654052734375
  },
  "lastRow": [
    {
      "left": 2.207015037536621,
      "top": 444.4112854003906,
      "right": 117.40280818939209,
      "bottom": 559.797607421875,
      "width": 115.19579315185547,
      "height": 115.38632202148438
    },
    {
      "left": 122.78278350830078,
      "top": 444.4112854003906,
      "right": 237.20114135742188,
      "bottom": 559.797607421875,
      "width": 114.4183578491211,
      "height": 115.38632202148438
    },
    {
      "left": 242.58131408691406,
      "top": 444.4112854003906,
      "right": 357.77691650390625,
      "bottom": 559.797607421875,
      "width": 115.19560241699219,
      "height": 115.38632202148438
    }
  ]
}