{
  "innerWidth": 390,
  "innerHeight": 844,
  "scrollWidth": 390,
  "boardRect": {
    "left": 2.034228801727295,
    "top": 205.97593688964844,
    "right": 387.9501223564148,
    "bottom": 584.6176605224609,
    "width": 385.9158935546875,
    "height": 378.6417236328125
  },
  "farmPageRect": {
    "left": 0,
    "top": 0,
    "right": 390,
    "bottom": 844,
    "width": 390,
    "height": 844
  },
  "sceneRect": {
    "left": 2.034228801727295,
    "top": 205.97593688964844,
    "right": 387.9501223564148,
    "bottom": 584.6176605224609,
    "width": 385.9158935546875,
    "height": 378.6417236328125
  },
  "lastRow": [
    {
      "left": 1.928398609161377,
      "top": 463.88714599609375,
      "right": 127.44453477859497,
      "bottom": 589.6824951171875,
      "width": 125.5161361694336,
      "height": 125.79534912109375
    },
    {
      "left": 132.70028686523438,
      "top": 463.88714599609375,
      "right": 257.2840881347656,
      "bottom": 589.6824951171875,
      "width": 124.58380126953125,
      "height": 125.79534912109375
    },
    {
      "left": 262.53985595703125,
      "top": 463.88714599609375,
      "right": 388.05596923828125,
      "bottom": 589.6824951171875,
      "width": 125.51611328125,
      "height": 125.79534912109375
    }
  ]
}