{
  "innerWidth": 1440,
  "innerHeight": 900,
  "scrollWidth": 1440,
  "boardRect": {
    "left": 459.61431884765625,
    "top": 217.1660919189453,
    "right": 980.3856811523438,
    "bottom": 726.1765289306641,
    "width": 520.7713623046875,
    "height": 509.01043701171875
  },
  "farmPageRect": {
    "left": 0,
    "top": 0,
    "right": 1440,
    "bottom": 900,
    "width": 1440,
    "height": 900
  },
  "sceneRect": {
    "left": 459.61431884765625,
    "top": 217.1660919189453,
    "right": 980.3856811523438,
    "bottom": 726.1765289306641,
    "width": 520.7713623046875,
    "height": 509.01043701171875
  },
  "lastRow": [
    {
      "left": 459.47003173828125,
      "top": 561.3106689453125,
      "right": 628.5888671875,
      "bottom": 731.34765625,
      "width": 169.11883544921875,
      "height": 170.0369873046875
    },
    {
      "left": 636.2721557617188,
      "top": 561.3106689453125,
      "right": 803.7115478515625,
      "bottom": 731.34765625,
      "width": 167.43939208984375,
      "height": 170.0369873046875
    },
    {
      "left": 811.3951416015625,
      "top": 561.3106689453125,
      "right": 980.530029296875,
      "bottom": 731.34765625,
      "width": 169.1348876953125,
      "height": 170.0369873046875
    }
  ]
}