{
  "metrics": {
    "innerWidth": 360,
    "innerHeight": 800,
    "scrollWidth": 360,
    "scrollHeight": 806,
    "sceneRect": {
      "x": 0,
      "y": 112,
      "width": 360,
      "height": 682,
      "top": 112,
      "right": 360,
      "bottom": 794,
      "left": 0
    },
    "boardRect": {
      "x": 17.296749114990234,
      "y": 425.64013671875,
      "width": 325.406494140625,
      "height": 319.41241455078125,
      "top": 425.64013671875,
      "right": 342.70324325561523,
      "bottom": 745.0525512695312,
      "left": 17.296749114990234
    },
    "weatherBadgeRect": {
      "x": 153.453125,
      "y": 162,
      "width": 53.078125,
      "height": 26.5,
      "top": 162,
      "right": 206.53125,
      "bottom": 188.5,
      "left": 153.453125
    },
    "fenceRect": {
      "x": 25.1875,
      "y": 344,
      "width": 309.625,
      "height": 15,
      "top": 344,
      "right": 334.8125,
      "bottom": 359,
      "left": 25.1875
    },
    "cottageRect": {
      "x": 72,
      "y": 310,
      "width": 58,
      "height": 54,
      "top": 310,
      "right": 130,
      "bottom": 364,
      "left": 72
    },
    "firstRow": [
      {
        "x": 20.794889450073242,
        "y": 425.64013671875,
        "width": 102.70521545410156,
        "height": 100.25030517578125,
        "top": 425.64013671875,
        "right": 123.5001049041748,
        "bottom": 525.8904418945312,
        "left": 20.794889450073242
      },
      {
        "x": 128.9342041015625,
        "y": 425.64013671875,
        "width": 102.131591796875,
        "height": 100.25030517578125,
        "top": 425.64013671875,
        "right": 231.0657958984375,
        "bottom": 525.8904418945312,
        "left": 128.9342041015625
      },
      {
        "x": 236.49989318847656,
        "y": 425.64013671875,
        "width": 102.70521545410156,
        "height": 100.25030517578125,
        "top": 425.64013671875,
        "right": 339.2051086425781,
        "bottom": 525.8904418945312,
        "left": 236.49989318847656
      }
    ],
    "lastRow": [
      {
        "x": 17.190753936767578,
        "y": 646.87646484375,
        "width": 105.04342651367188,
        "height": 104.8167724609375,
        "top": 646.87646484375,
        "right": 122.23418045043945,
        "bottom": 751.6932373046875,
        "left": 17.190753936767578
      },
      {
        "x": 127.77816772460938,
        "y": 646.87646484375,
        "width": 104.44366455078125,
        "height": 104.8167724609375,
        "top": 646.87646484375,
        "right": 232.22183227539062,
        "bottom": 751.6932373046875,
        "left": 127.77816772460938
      },
      {
        "x": 237.76580810546875,
        "y": 646.87646484375,
        "width": 105.04342651367188,
        "height": 104.8167724609375,
        "top": 646.87646484375,
        "right": 342.8092346191406,
        "bottom": 751.6932373046875,
        "left": 237.76580810546875
      }
    ],
    "badgeToFenceGap": 155.5,
    "fenceToBoardGap": 66.64013671875,
    "sceneScrollBottomGap": -6
  },
  "clicks": {
    "emptyModalVisible": true,
    "growingCardVisible": true,
    "matureBecameEmpty": true
  }
}