{
  "metrics": {
    "innerWidth": 1440,
    "innerHeight": 900,
    "scrollWidth": 1440,
    "scrollHeight": 925,
    "sceneRect": {
      "x": 16,
      "y": 116,
      "width": 1408,
      "height": 797,
      "top": 116,
      "right": 1424,
      "bottom": 913,
      "left": 16
    },
    "boardRect": {
      "x": 401.0755615234375,
      "y": 284.986083984375,
      "width": 637.848876953125,
      "height": 621.095703125,
      "top": 284.986083984375,
      "right": 1038.9244384765625,
      "bottom": 906.081787109375,
      "left": 401.0755615234375
    },
    "weatherBadgeRect": {
      "x": 688.40625,
      "y": 174,
      "width": 63.171875,
      "height": 26,
      "top": 174,
      "right": 751.578125,
      "bottom": 200,
      "left": 688.40625
    },
    "fenceRect": {
      "x": 114.546875,
      "y": 420.453125,
      "width": 1210.90625,
      "height": 15,
      "top": 420.453125,
      "right": 1325.453125,
      "bottom": 435.453125,
      "left": 114.546875
    },
    "cottageRect": {
      "x": 346.875,
      "y": 356.6875,
      "width": 58,
      "height": 54,
      "top": 356.6875,
      "right": 404.875,
      "bottom": 410.6875,
      "left": 346.875
    },
    "firstRow": [
      {
        "x": 414.2340087890625,
        "y": 284.986083984375,
        "width": 198.5858154296875,
        "height": 191.33135986328125,
        "top": 284.986083984375,
        "right": 612.81982421875,
        "bottom": 476.31744384765625,
        "left": 414.2340087890625
      },
      {
        "x": 621.75390625,
        "y": 284.986083984375,
        "width": 196.4921875,
        "height": 191.33135986328125,
        "top": 284.986083984375,
        "right": 818.24609375,
        "bottom": 476.31744384765625,
        "left": 621.75390625
      },
      {
        "x": 827.18017578125,
        "y": 284.986083984375,
        "width": 198.5858154296875,
        "height": 191.33135986328125,
        "top": 284.986083984375,
        "right": 1025.7659912109375,
        "bottom": 476.31744384765625,
        "left": 827.18017578125
      }
    ],
    "lastRow": [
      {
        "x": 400.8632507324219,
        "y": 704.7598876953125,
        "width": 207.36337280273438,
        "height": 208.25616455078125,
        "top": 704.7598876953125,
        "right": 608.2266235351562,
        "bottom": 913.0160522460938,
        "left": 400.8632507324219
      },
      {
        "x": 617.4577026367188,
        "y": 704.7598876953125,
        "width": 205.0845947265625,
        "height": 208.25616455078125,
        "top": 704.7598876953125,
        "right": 822.5422973632812,
        "bottom": 913.0160522460938,
        "left": 617.4577026367188
      },
      {
        "x": 831.7733764648438,
        "y": 704.7598876953125,
        "width": 207.36334228515625,
        "height": 208.25616455078125,
        "top": 704.7598876953125,
        "right": 1039.13671875,
        "bottom": 913.0160522460938,
        "left": 831.7733764648438
      }
    ],
    "badgeToFenceGap": 220.453125,
    "fenceToBoardGap": -150.467041015625,
    "sceneScrollBottomGap": 13
  },
  "clicks": null
}