{
  "metrics": {
    "innerWidth": 390,
    "innerHeight": 844,
    "scrollWidth": 390,
    "scrollHeight": 848,
    "sceneRect": {
      "x": 0,
      "y": 112,
      "width": 390,
      "height": 724,
      "top": 112,
      "right": 390,
      "bottom": 836,
      "left": 0
    },
    "boardRect": {
      "x": 16.5552978515625,
      "y": 438.82708740234375,
      "width": 356.889404296875,
      "height": 350.02569580078125,
      "top": 438.82708740234375,
      "right": 373.4447021484375,
      "bottom": 788.852783203125,
      "left": 16.5552978515625
    },
    "weatherBadgeRect": {
      "x": 168.453125,
      "y": 162,
      "width": 53.078125,
      "height": 26.5,
      "top": 162,
      "right": 221.53125,
      "bottom": 188.5,
      "left": 168.453125
    },
    "fenceRect": {
      "x": 27.296875,
      "y": 353.375,
      "width": 335.40625,
      "height": 15,
      "top": 353.375,
      "right": 362.703125,
      "bottom": 368.375,
      "left": 27.296875
    },
    "cottageRect": {
      "x": 78,
      "y": 316.234375,
      "width": 58,
      "height": 54,
      "top": 316.234375,
      "right": 136,
      "bottom": 370.234375,
      "left": 78
    },
    "firstRow": [
      {
        "x": 20.747787475585938,
        "y": 438.82708740234375,
        "width": 112.84700012207031,
        "height": 110.0052490234375,
        "top": 438.82708740234375,
        "right": 133.59478759765625,
        "bottom": 548.8323364257812,
        "left": 20.747787475585938
      },
      {
        "x": 138.9188232421875,
        "y": 438.82708740234375,
        "width": 112.162353515625,
        "height": 110.0052490234375,
        "top": 438.82708740234375,
        "right": 251.0811767578125,
        "bottom": 548.8323364257812,
        "left": 138.9188232421875
      },
      {
        "x": 256.40521240234375,
        "y": 438.82708740234375,
        "width": 112.84701538085938,
        "height": 110.0052490234375,
        "top": 438.82708740234375,
        "right": 369.2522277832031,
        "bottom": 548.8323364257812,
        "left": 256.40521240234375
      }
    ],
    "lastRow": [
      {
        "x": 16.438791275024414,
        "y": 680.041259765625,
        "width": 115.65470123291016,
        "height": 115.48150634765625,
        "top": 680.041259765625,
        "right": 132.09349250793457,
        "bottom": 795.5227661132812,
        "left": 16.438791275024414
      },
      {
        "x": 137.5320281982422,
        "y": 680.041259765625,
        "width": 114.93594360351562,
        "height": 115.48150634765625,
        "top": 680.041259765625,
        "right": 252.4679718017578,
        "bottom": 795.5227661132812,
        "left": 137.5320281982422
      },
      {
        "x": 257.906494140625,
        "y": 680.041259765625,
        "width": 115.65472412109375,
        "height": 115.48150634765625,
        "top": 680.041259765625,
        "right": 373.56121826171875,
        "bottom": 795.5227661132812,
        "left": 257.906494140625
      }
    ],
    "badgeToFenceGap": 164.875,
    "fenceToBoardGap": 70.45208740234375,
    "sceneScrollBottomGap": -8
  },
  "clicks": {
    "emptyModalVisible": true,
    "growingCardVisible": true,
    "matureBecameEmpty": true
  }
}