{
  "innerWidth": 390,
  "innerHeight": 844,
  "scrollWidth": 390,
  "boardRect": {
    "left": 12.345651626586914,
    "top": 316.4856262207031,
    "right": 377.6543674468994,
    "bottom": 674.7052001953125,
    "width": 365.3087158203125,
    "height": 358.2195739746094
  },
  "farmPageRect": {
    "left": 0,
    "top": 108,
    "right": 390,
    "bottom": 956,
    "width": 390,
    "height": 848
  },
  "lastRow": [
    {
      "left": 12.226327896118164,
      "top": 563.0399169921875,
      "right": 130.70999336242676,
      "bottom": 681.383056640625,
      "width": 118.4836654663086,
      "height": 118.3431396484375
    },
    {
      "left": 136.11837768554688,
      "top": 563.0399169921875,
      "right": 253.86557006835938,
      "bottom": 681.383056640625,
      "width": 117.7471923828125,
      "height": 118.3431396484375
    },
    {
      "left": 259.2741394042969,
      "top": 563.0399169921875,
      "right": 377.75762939453125,
      "bottom": 681.383056640625,
      "width": 118.48348999023438,
      "height": 118.3431396484375
    }
  ]
}