{
  "innerWidth": 360,
  "innerHeight": 800,
  "scrollWidth": 360,
  "boardRect": {
    "left": 13.105606079101562,
    "top": 305.7012939453125,
    "right": 346.89442443847656,
    "bottom": 633.2848510742188,
    "width": 333.788818359375,
    "height": 327.58355712890625
  },
  "farmPageRect": {
    "left": 0,
    "top": 108,
    "right": 360,
    "bottom": 912,
    "width": 360,
    "height": 804
  },
  "lastRow": [
    {
      "left": 12.996816635131836,
      "top": 532.2740478515625,
      "right": 120.85391044616699,
      "bottom": 639.933349609375,
      "width": 107.85709381103516,
      "height": 107.6593017578125
    },
    {
      "left": 126.37071990966797,
      "top": 532.2740478515625,
      "right": 233.61326599121094,
      "bottom": 639.933349609375,
      "width": 107.24254608154297,
      "height": 107.6593017578125
    },
    {
      "left": 239.1302490234375,
      "top": 532.2740478515625,
      "right": 346.9871826171875,
      "bottom": 639.933349609375,
      "width": 107.85693359375,
      "height": 107.6593017578125
    }
  ]
}